"","asc_Alt1","asc_Alt2","asc_Alt3","b_tt","b_dt","b_cg"
"asc_Alt1",0.0351380811561353,0.0211916059257951,0.0126072779521137,0.00346446975549015,-0.0067632040876204,-0.0103045871024708
"asc_Alt2",0.0211916059257951,0.0411311861645562,0.0120873303066517,0.00227916987441526,-0.00500921409660401,-0.00784734091220044
"asc_Alt3",0.0126072779521137,0.0120873303066517,0.0605907373116234,-0.000364179326654022,0.00176040295506732,-0.00812390228589833
"b_tt",0.00346446975549015,0.00227916987441526,-0.000364179326654023,0.000776374406180081,-0.0014745549260578,-0.000944589685896394
"b_dt",-0.0067632040876204,-0.00500921409660401,0.00176040295506732,-0.0014745549260578,0.00634241291283609,-0.00111530178353424
"b_cg",-0.0103045871024708,-0.00784734091220044,-0.00812390228589832,-0.000944589685896394,-0.00111530178353424,0.0110722497203867
