"","asc_Alt1","asc_Alt2","asc_Alt3","b_tt","b_dt","b_cg"
"asc_Alt1",1,0.543896550928125,0.402101047662346,0.525378347212992,-0.260178389603604,-0.56363518569514
"asc_Alt2",0.543896550928125,1,0.327112897545367,0.33121937493787,-0.205802627356234,-0.443028220986417
"asc_Alt3",0.402101047662346,0.327112897545367,1,0.164538019690818,-0.110767685087648,-0.369030180810125
"b_tt",0.525378347212992,0.33121937493787,0.164538019690818,1,-0.453978398825954,-0.246138129968973
"b_dt",-0.260178389603604,-0.205802627356234,-0.110767685087648,-0.453978398825954,1,-0.106755220617955
"b_cg",-0.56363518569514,-0.443028220986417,-0.369030180810125,-0.246138129968973,-0.106755220617955,1
