"","Estimate","Std.err.","t-ratio(0)","Rob.std.err.","Rob.t-ratio(0)"
"asc_Alt1",-0.228591911299149,0.175388437415699,-1.30334652995026,0.187451543488271,-1.2194720141819
"asc_Alt2",-1.29371215371893,0.204941341278398,-6.31259728100207,0.202808249744817,-6.37899175870184
"asc_Alt3",-2.09752610272697,0.254319114533251,-8.24761483845415,0.246151858233131,-8.52126860947926
"asc_Alt4",0,NA,NA,NA,NA
"b_tt",0.0843921467570263,0.0215608648592531,3.91413550930951,0.0278634959432603,3.02877093846651
"b_dt",-0.245639255618767,0.0865657935991451,-2.83760184486073,0.0796392674051946,-3.08439873472198
"b_cg",0.183761610315655,0.105791870291889,1.73701069665033,0.105224758115126,1.74637237098329
