"","asc_Alt1","asc_Alt2","asc_Alt3","b_tt","b_dt","b_cg"
"asc_Alt1",0.0307611039791206,0.0195500034263519,0.0179355692991821,0.00198673208839577,-0.0039501946359826,-0.0104580653341454
"asc_Alt2",0.0195500034263519,0.0420009533649889,0.0170492879221371,0.00146356321327204,-0.00365112585862206,-0.00960535147554168
"asc_Alt3",0.0179355692991821,0.0170492879221371,0.0646782120169771,0.000902217914694027,-0.00243858780259942,-0.00992871818439966
"b_tt",0.00198673208839577,0.00146356321327204,0.000902217914694027,0.000464870893478975,-0.000847320436107999,-0.000561432267285217
"b_dt",-0.0039501946359826,-0.00365112585862206,-0.00243858780259942,-0.000847320436107999,0.00749363662144979,-0.000977659742166396
"b_cg",-0.0104580653341454,-0.00960535147554168,-0.00992871818439966,-0.000561432267285217,-0.000977659742166396,0.0111919198198558
