"","asc_real","b_t","b_d","alpha"
"asc_real",0.0439857411389573,-0.00175416622829374,0.0145177168445996,0.929614915999809
"b_t",-0.00175416622829374,0.000584972428563005,-0.000868826248890513,-0.0307979842050316
"b_d",0.0145177168445996,-0.000868826248890513,0.0175900986473641,-0.0139121835779255
"alpha",0.929614915999809,-0.0307979842050316,-0.0139121835779255,53.2659256102081
