"","asc_real","b_t","b_d","alpha"
"asc_real",0.0452853097449088,-0.00352282042954784,0.0186028999565132,0.866045779612407
"b_t",-0.00352282042954784,0.00111423222377412,-0.00183995610798529,-0.0765402875004038
"b_d",0.0186028999565133,-0.00183995610798529,0.0187797687304673,0.243884045986103
"alpha",0.866045779612407,-0.0765402875004038,0.243884045986103,36.6058276349348
