"","asc_real","b_t","b_d","alpha"
"asc_real",1,-0.495934107792169,0.637906253091588,0.672646773171864
"b_t",-0.495934107792169,1,-0.402230025156179,-0.378989446760673
"b_d",0.637906253091588,-0.402230025156179,1,0.294146141739257
"alpha",0.672646773171863,-0.378989446760673,0.294146141739257,1
