"","Estimate","Std.err.","t-ratio(0)","p-val(0)","Rob.std.err.","Rob.t-ratio(0)","Rob.p-val(0)"
"asc_real",0.195016121837172,0.209727778653562,0.929853561074084,0.352446910031807,0.21280345331998,0.916414272394055,0.359449652327434
"asc_sim",0,NA,NA,NA,NA,NA,NA
"b_t",0.0615860511245392,0.0241862032688681,2.54632984102186,0.0108862270958292,0.0333801171923366,1.84499205828667,0.0650386938801712
"b_d",0.20930803295952,0.132627669237471,1.57816264255351,0.114528250081007,0.137039296300248,1.52735776241096,0.126672073318191
"alpha",6.69783667860627,7.29835088291924,0.917719192466015,0.358765897092068,6.05027500490141,1.10703012229696,0.268280905120563
