"","asc_bus","asc_air","asc_rail","b_tt_car","b_tt_bus","b_tt_air","b_tt_rail","b_access","b_cost"
"asc_bus",1,0.240039195020813,0.151826001767656,0.315142590953042,-0.856709127418406,-0.0437705133680616,0.0695464164161571,-0.0499303827912085,-0.0127004487349717
"asc_air",0.240039195020813,1,0.379495635993777,0.590286445262078,0.10179857428431,-0.718834229537493,0.0839853895322104,-0.600337478226103,-0.209462021225115
"asc_rail",0.151826001767649,0.379495635993777,1,0.566482918545471,0.141802195157683,0.000890164546787718,-0.778694058288984,-0.0888625578757976,-0.0664550089037067
"b_tt_car",0.315142590953047,0.59028644526209,0.566482918545483,1,0.199051167370014,-0.0269236182511651,0.044804168010514,-0.054403343603091,0.213203952126442
"b_tt_bus",-0.856709127418399,0.101798574284309,0.141802195157679,0.199051167370011,1,0.0126366227658178,-0.0352212606010943,-0.0586114806024441,0.153561732865565
"b_tt_air",-0.0437705133680674,-0.7188342295375,0.000890164546784552,-0.0269236182511647,0.0126366227658205,1,-0.0879809578026649,0.337220190014807,0.223179703379123
"b_tt_rail",0.0695464164161666,0.0839853895322136,-0.778694058288966,0.0448041680105226,-0.0352212606010965,-0.0879809578026666,1,-0.082518026458902,0.13853997865928
"b_access",-0.0499303827912065,-0.600337478226102,-0.0888625578757884,-0.0544033436030792,-0.058611480602444,0.337220190014805,-0.0825180264589078,1,0.200684013836654
"b_cost",-0.0127004487349706,-0.209462021225111,-0.0664550089037061,0.213203952126446,0.153561732865569,0.223179703379122,0.138539978659285,0.200684013836655,1
