"","Estimate","Std.err.","t-ratio(0)","Rob.std.err.","Rob.t-ratio(0)"
"asc_car",0,NA,NA,NA,NA
"asc_bus",0.47465562785392,1.01867284478109,0.465954923885227,0.989610652492216,0.479638761626663
"asc_air",1.62909330208229,0.827435537658053,1.96884618552065,0.816695755362022,1.99473707483658
"asc_rail",0.944535652535437,0.803550756876131,1.17545238362713,0.794364900566742,1.18904504952517
"b_tt_car",-0.00364609334312741,0.00155450279706823,-2.34550452402138,0.00156656823740656,-2.32743984977218
"b_tt_bus",-0.0088461354009793,0.0026240874812223,-3.37112823573197,0.00261342374491031,-3.38488368685228
"b_tt_air",-0.0206852243647466,0.00659891025486229,-3.13464247365769,0.00641708748649523,-3.22345992761961
"b_tt_rail",-0.0112393620860028,0.00438598328207308,-2.56256382279014,0.00446328765409404,-2.51818008541155
"b_access",-0.011465798355716,0.00642985148771519,-1.78321355907246,0.00629027114084012,-1.82278284973652
"b_cost",-0.0339473669610131,0.00329470981390435,-10.3035984588835,0.00317674108665397,-10.6862240374678
