"","asc_bus","asc_air","asc_rail","b_tt_car","b_tt_bus","b_tt_air","b_tt_rail","b_access","b_cost"
"asc_bus",0.97932924352607,0.19400227448423,0.119352236977368,0.000488563231613501,-0.00221568280905873,-0.000277961061853736,0.000307180749488135,-0.000310812604893417,-3.99268683130962e-05
"asc_air",0.19400227448423,0.666991956826344,0.246199479760869,0.000755218162511958,0.000217276034678271,-0.00376727226134869,0.000306139181574257,-0.00308407635036005,-0.000543434753094318
"asc_rail",0.119352236977362,0.24619947976087,0.63101559525241,0.000704946538121273,0.000294383071998794,4.53762184493441e-06,-0.00276084347278368,-0.000444025817463788,-0.000167698657904485
"b_tt_car",0.000488563231613508,0.000755218162511973,0.000704946538121289,2.45413604245111e-06,8.14936703971259e-07,-2.70657895831399e-07,3.13272744280116e-07,-5.36098108510524e-07,1.06102688328295e-06
"b_tt_bus",-0.00221568280905872,0.000217276034678268,0.000294383071998786,8.14936703971244e-07,6.82998367046102e-06,2.11923351624879e-07,-4.1083705360441e-07,-9.63522567414126e-07,1.27489570193034e-06
"b_tt_air",-0.000277961061853773,-0.00376727226134872,4.53762184491827e-06,-2.70657895831395e-07,2.11923351624924e-07,4.11790118093337e-05,-2.5198896537004e-06,1.36119672341114e-05,4.54961321076825e-06
"b_tt_rail",0.000307180749488177,0.000306139181574269,-0.00276084347278362,3.13272744280176e-07,-4.10837053604436e-07,-2.51988965370045e-06,1.99209366831882e-05,-2.31671748376756e-06,1.96431808000278e-06
"b_access",-0.000310812604893405,-0.00308407635036004,-0.000444025817463742,-5.36098108510408e-07,-9.63522567414125e-07,1.36119672341113e-05,-2.31671748376772e-06,3.95675110252861e-05,4.01018090529296e-06
"b_cost",-3.99268683130928e-05,-0.000543434753094309,-0.000167698657904483,1.06102688328297e-06,1.27489570193037e-06,4.54961321076824e-06,1.96431808000285e-06,4.01018090529297e-06,1.00916839316354e-05
