"","asc_bus","asc_air","asc_rail","b_tt_car","b_tt_bus","b_tt_air","b_tt_rail","b_access","b_cost"
"asc_bus",1.0376943646944,0.202767573381176,0.172024203238635,0.000564642006676625,-0.00232366720558229,-7.51119504045292e-05,8.5956454160049e-05,-0.000418182242784135,-1.62279387410831e-05
"asc_air",0.202767573381176,0.684649568979471,0.263731487076518,0.000746225754846054,0.000167691162924688,-0.00404521499191757,0.000160265470532326,-0.00306252238193005,-0.000596684198660282
"asc_rail",0.172024203238635,0.263731487076518,0.645693818876204,0.000765484984132494,0.000172761710425534,-0.000176240638978241,-0.00278826427307338,-8.85576239012376e-05,-0.000241118381258676
"b_tt_car",0.000564642006676625,0.000746225754846054,0.000765484984132494,2.41647894609294e-06,5.2583755078449e-07,-4.51730461721708e-07,-2.30135333926726e-07,-9.32776223209672e-08,9.37511107085905e-07
"b_tt_bus",-0.00232366720558229,0.000167691162924688,0.000172761710425534,5.2583755078449e-07,6.88583510910761e-06,-4.7076298398444e-07,-1.66217166637708e-07,-3.52895006544802e-07,1.24102884909698e-06
"b_tt_air",-7.51119504045292e-05,-0.00404521499191757,-0.000176240638978241,-4.51730461721708e-07,-4.7076298398444e-07,4.35456165517267e-05,-1.73885294734538e-06,1.46207375804474e-05,5.35188035472059e-06
"b_tt_rail",8.5956454160049e-05,0.000160265470532326,-0.00278826427307338,-2.30135333926726e-07,-1.66217166637708e-07,-1.73885294734538e-06,1.92368493506245e-05,-4.07455975867347e-06,2.34440751128223e-06
"b_access",-0.000418182242784135,-0.00306252238193005,-8.85576239012376e-05,-9.32776223209672e-08,-3.52895006544802e-07,1.46207375804474e-05,-4.07455975867347e-06,4.13429901540732e-05,2.82789745647534e-06
"b_cost",-1.62279387410831e-05,-0.000596684198660282,-0.000241118381258676,9.37511107085905e-07,1.24102884909698e-06,5.35188035472059e-06,2.34440751128223e-06,2.82789745647534e-06,1.08551127578376e-05
