"","asc_bus","asc_air","asc_rail","b_tt_car","b_tt_bus","b_tt_air","b_tt_rail","b_access","b_cost"
"asc_bus",0.979329243493568,0.194002274468697,0.119352236949819,0.000488563231538652,-0.00221568280901839,-0.000277961061886689,0.000307180749561187,-0.000310812604906708,-3.99268683218009e-05
"asc_air",0.1940022744687,0.666991956819733,0.246199479753064,0.000755218162478472,0.000217276034697157,-0.0037672722613878,0.000306139181575695,-0.00308407635034031,-0.000543434753119221
"asc_rail",0.119352236949825,0.246199479753073,0.631015595251456,0.000704946538107772,0.000294383072065705,4.5376218717585e-06,-0.002760843472798,-0.000444025817402488,-0.000167698657896834
"b_tt_car",0.000488563231538662,0.000755218162478484,0.000704946538107775,2.45413604237527e-06,8.14936704118128e-07,-2.70657895745232e-07,3.13272744231644e-07,-5.3609810836168e-07,1.06102688328122e-06
"b_tt_bus",-0.00221568280901848,0.000217276034697168,0.000294383072065717,8.14936704118119e-07,6.82998367044178e-06,2.11923351765987e-07,-4.10837053847168e-07,-9.63522567269287e-07,1.27489570194557e-06
"b_tt_air",-0.000277961061886691,-0.00376727226138785,4.53762187176164e-06,-2.70657895745229e-07,2.11923351766058e-07,4.11790118099748e-05,-2.51988965381218e-06,1.36119672343711e-05,4.54961321099668e-06
"b_tt_rail",0.000307180749561178,0.000306139181575654,-0.00276084347279804,3.13272744231596e-07,-4.1083705384716e-07,-2.51988965381228e-06,1.99209366831924e-05,-2.31671748394885e-06,1.96431807991654e-06
"b_access",-0.00031081260490671,-0.00308407635034032,-0.000444025817402441,-5.36098108361592e-07,-9.6352256726919e-07,1.36119672343712e-05,-2.31671748394893e-06,3.95675110253288e-05,4.01018090542869e-06
"b_cost",-3.99268683217771e-05,-0.000543434753119217,-0.000167698657896824,1.06102688328125e-06,1.27489570194555e-06,4.54961321099665e-06,1.96431807991655e-06,4.01018090542862e-06,1.00916839316794e-05
