"","asc_bus","asc_air","asc_rail","b_tt_car","b_tt_bus","b_tt_air","b_tt_rail","b_access","b_cost"
"asc_bus",1,0.240039195006767,0.151826001735246,0.31514259091486,-0.85670912741823,-0.0437705133736363,0.0695464164338431,-0.0499303827941451,-0.0127004487379237
"asc_air",0.24003919500677,1,0.379495635983913,0.590286445247952,0.101798574293807,-0.718834229542923,0.0839853895330122,-0.600337478224912,-0.209462021235296
"asc_rail",0.151826001735254,0.379495635983926,1,0.566482918543803,0.14180219519022,0.000890164552043658,-0.77869405829353,-0.0888625578635489,-0.0664550089005801
"b_tt_car",0.315142590914867,0.590286445247962,0.566482918543805,1,0.199051167409244,-0.0269236182428,0.0448041680042692,-0.0544033435887976,0.213203952128925
"b_tt_bus",-0.856709127418264,0.101798574293812,0.141802195190226,0.199051167409242,1,0.0126366227741512,-0.035221260621952,-0.0586114805936844,0.153561732867281
"b_tt_air",-0.0437705133736367,-0.718834229542933,0.000890164552044273,-0.0269236182427997,0.0126366227741555,1,-0.0879809578058736,0.337220190018435,0.223179703388104
"b_tt_rail",0.0695464164338411,0.0839853895330011,-0.778694058293543,0.0448041680042623,-0.0352212606219513,-0.087980957805877,1,-0.0825180264653062,0.138539978652881
"b_access",-0.0499303827941456,-0.600337478224914,-0.0888625578635395,-0.0544033435887886,-0.0586114805936785,0.337220190018437,-0.0825180264653091,1,0.200684013842901
"b_cost",-0.0127004487379162,-0.209462021235294,-0.0664550089005764,0.213203952128931,0.153561732867278,0.223179703388103,0.138539978652882,0.200684013842898,1
