"","asc_bus","asc_air","asc_rail","b_tt_car","b_tt_bus","b_tt_air","b_tt_rail","b_access","b_cost"
"asc_bus",1,0.240563428735219,0.210155863375609,0.356571762329261,-0.869282407050502,-0.0111738307331877,0.0192387473234307,-0.0638454447094213,-0.0048351668034275
"asc_air",0.240563428735219,1,0.396656430680027,0.580155690772654,0.0772320740079164,-0.740858412283326,0.044160992096473,-0.575630980702285,-0.218873507666424
"asc_rail",0.210155863375609,0.396656430680027,1,0.612818480448741,0.0819324367280818,-0.0332369009029365,-0.791140554868441,-0.0171400347831793,-0.0910751374458047
"b_tt_car",0.356571762329261,0.580155690772654,0.612818480448741,1,0.12890856659471,-0.0440367893425313,-0.0337539671661073,-0.00933222105310206,0.183049161716521
"b_tt_bus",-0.869282407050502,0.0772320740079164,0.0819324367280818,0.12890856659471,1,-0.0271864045802501,-0.0144421081761237,-0.0209154041925986,0.143544447615757
"b_tt_air",-0.0111738307331877,-0.740858412283326,-0.0332369009029365,-0.0440367893425313,-0.0271864045802501,1,-0.0600791337050753,0.344584801521927,0.24615972856921
"b_tt_rail",0.0192387473234307,0.044160992096473,-0.791140554868441,-0.0337539671661073,-0.0144421081761237,-0.0600791337050753,1,-0.144481678282599,0.162236647236266
"b_access",-0.0638454447094213,-0.575630980702285,-0.0171400347831793,-0.00933222105310206,-0.0209154041925986,0.344584801521927,-0.144481678282599,1,0.13348902031275
"b_cost",-0.0048351668034275,-0.218873507666424,-0.0910751374458047,0.183049161716521,0.143544447615757,0.24615972856921,0.162236647236266,0.13348902031275,1
