"","asc_ruta1","asc_ruta2","asc_ruta4","b_tg","b_tl","b_dt"
"asc_ruta1",-61.3279181815233,13.3320219775051,43.0467355659332,3.6546946047815,-3.65469460471027,-0.162423909447809
"asc_ruta2",13.3320219775051,-32.3559400457972,17.0555283170883,2.75456860286113,-2.75456860249709,-1.07476944041353
"asc_ruta4",43.0467355659332,17.0555283170883,-66.3977928834283,-6.88185849507748,6.88185849520834,1.53698572855577
"b_tg",3.6546946047815,2.75456860286113,-6.88185849507748,-1.83602995764041,1.83602995764747,0.453629806365389
"b_tl",-3.65469460471027,-2.75456860249709,6.88185849520834,1.83602995764747,-1.83602995765453,-0.453629806208313
"b_dt",-0.162423909447809,-1.07476944041353,1.53698572855577,0.453629806365389,-0.453629806208313,-0.739379826754321
